umidade,ph,p,k,irrigou
39.963209507789,5.110797573031718,1,0,1
86.05714451279329,7.251405684270149,0,0,0
68.5595153449124,9.23767501525845,0,0,0
57.89267873576293,8.393349318457368,0,0,0
22.48149123539492,8.839366887168698,1,1,1
22.479561626896214,7.952700200264304,1,0,1
14.646688973455957,8.153659387107115,1,0,1
79.29409166199481,9.095173909391916,1,0,0
58.0892009394567,5.498008053155115,1,1,0
66.64580622368364,6.936549781858843,1,0,0
11.646759543664196,5.327256650917613,1,0,1
87.59278817295954,9.926008047979881,0,1,0
76.59541126403374,9.66435603811968,1,1,0
26.987128854262092,4.236560868211035,0,0,0
24.54599737656805,8.23345103509413,0,0,0
24.672360788274705,9.551489904493994,1,0,1
34.33937943676302,5.083452070764001,1,0,1
51.98051453057903,7.407671383315777,0,0,0
44.55560149136926,9.49292978552825,0,1,0
33.298331215843355,4.203675871514793,1,1,1
58.94823157779036,8.18452160348104,1,0,0
21.15950885216335,5.784094044235305,0,0,0
33.37157188281745,9.546377172259183,1,1,1
39.308947463495336,9.826349470992206,1,0,1
46.48559873736288,9.665598934680602,1,0,0
72.81407691144109,6.845285299944782,0,0,0
25.973902572668777,9.17225590593588,0,0,0
51.13875507308893,9.067296391210423,0,0,0
57.3931655089634,5.914602839459533,1,1,0
13.716033017599818,8.973492844904065,1,0,1
58.603588152115066,4.222045808292956,0,0,0
23.64192989498332,7.577619270892319,0,0,0
15.204127438822361,5.3800530237262185,0,1,1
85.91084298026666,4.723401314663673,1,1,0
87.25056264596475,4.461719209775255,0,1,0
74.67178784931689,8.177732655268839,0,1,0
34.36910153386965,6.039249782608397,1,0,1
17.81376912051071,8.34860062917257,1,1,1
64.73864212097254,4.392138044793654,1,0,0
45.21219949916811,5.891742026983662,0,0,0
19.763058787582306,7.236947754252023,1,1,1
49.614152808901615,8.744338989033782,1,1,0
12.751081689217472,5.912515017592419,0,1,1
82.74563216630257,7.755348258622055,1,1,0
30.702398528001353,9.315866489417122,0,1,1
63.00178274831856,7.695179129093828,0,0,0
34.93688608715288,5.397756848521802,1,1,1
51.605441694224865,4.146404689339228,1,1,0
53.73682234746237,9.22059324340558,1,1,0
24.788356442042165,4.127616465102323,1,0,1
87.56677022116469,9.248210036105196,1,1,0
72.01062586888916,7.173622804163272,1,0,0
85.15991532513513,9.634406191077378,0,1,0
81.5861880342119,8.792699414641993,0,1,0
57.83199830488681,9.987604663200024,1,0,0
83.74993880184934,6.104270892710261,0,1,0
17.07940016415356,8.603129733586762,1,0,1
25.678628993531618,6.411585481655453,0,0,0
13.618183112843045,6.879253721823453,0,0,0
36.02642646106115,7.7650327793102205,0,1,1
41.09418317515856,9.242062685118032,1,1,0
31.70792254191167,9.904500815195771,0,1,1
76.29900073215435,8.609640483187109,1,0,0
38.540266135487144,6.506600693004002,0,1,1
32.47476077499046,6.528142013662421,0,0,0
53.41568665265988,8.42549380953335,0,1,0
21.27393799798101,5.4326628746098145,0,0,0
74.17575846032318,4.6628446787883675,0,0,0
15.964051494381666,6.127732945844659,1,0,1
88.95095492804138,5.72343394992449,1,1,0
71.77958154373259,5.777848722735941,0,0,0
25.897254522733792,5.40164650629946,0,0,0
10.441769369888192,4.252559137818171,0,0,0
75.23691427638673,4.107243608400482,0,0,0
66.54858750780937,9.92633433841619,1,0,0
68.32057344327899,6.566638802415174,0,0,0
71.70162773487566,6.30595988295809,1,1,0
15.923572138727229,8.07788369615842,0,1,1
38.67725828354181,5.3095233271903854,1,0,1
19.269524762010377,9.699767103701351,0,1,1
79.04827407004748,8.718070086493313,0,1,0
59.86385014620463,4.536466013873557,1,0,0
36.471841988211935,6.50548465470957,0,0,0
15.08466802288189,9.274709845372989,0,0,0
34.878585737252976,9.668392133748462,0,1,1
36.014665762139764,6.804409067499218,1,0,1
68.36849426704512,7.680468335264246,0,1,0
61.00459770841705,5.002203676552451,0,0,0
80.97701940610612,9.947011756821858,1,1,0
47.777194012955945,5.390030208300661,1,0,0
19.567539675064136,9.656390644810754,1,0,1
67.0595829778396,7.897879893954211,0,1,0
70.8628038893518,7.6464207692731545,0,1,0
54.9021758055597,7.076131066099052,0,1,0
71.67737439636488,5.384018870306552,1,1,0
49.50364770915126,5.05916819203305,0,1,0
51.818626350559526,5.322917254421052,0,1,0
44.20328146868397,5.118629572865527,1,0,0
12.033530139527615,8.67750684140052,1,1,1
18.631314159464356,6.100751555000381,1,0,1
12.51433485493874,4.347056059380378,1,0,1
60.91283290110243,9.814615780844868,1,1,0
35.148478486106136,9.302715309780554,0,0,0
50.685655293176225,9.566513699171278,1,1,0
82.60531791408744,9.969446935878612,0,1,0
29.943378331909997,5.043371495316924,0,0,0
42.830633842850375,6.377452113415952,1,0,0
70.4440910834439,8.549430854224548,1,1,0
28.303853239329797,8.176123708322754,1,1,1
16.158392786303438,4.92337543803913,0,0,0
33.180116233101444,8.894998749943706,1,0,1
22.897702980320354,5.346643431019964,1,0,1
84.37581218740584,5.342905688935739,1,0,0
74.64963036515336,7.221846537360482,1,1,0
60.67230052083388,7.557639609050219,1,1,0
79.71684721501742,7.480517247026867,0,1,0
74.29376615192916,4.548921024386529,0,1,0
24.925604710882865,9.264765175782282,0,0,0
81.40471987919823,5.593600255532237,1,0,0
53.147379353252056,4.777089527696825,1,1,0
74.595212413125,9.332488479213863,1,1,0
81.68730399387945,9.73390898937852,0,1,0
35.44027799774911,9.172765703592704,1,1,1
18.80415396221414,8.857096448349267,1,1,1
28.234813003355335,7.93145188383413,1,1,1
44.1686230901005,7.305144223654835,0,1,0
75.44118127379944,4.521920559468461,1,1,0
78.85844666050747,6.4507192784241925,0,1,0
10.556170442495256,6.236131102073884,1,0,1
50.85978420620526,5.558522702561957,0,1,0
43.39288025190232,8.34052068213151,0,0,0
27.76862483765842,6.975254410472624,0,0,0
19.589229386694626,4.486277295445888,1,1,1
37.00921371229023,5.3210992116988685,1,1,1
85.43277631300154,8.099552581957575,0,0,0
35.856234561660415,4.456785156941801,0,0,0
51.50324973946929,9.107241484292611,1,1,0
66.24151671161422,6.970879162083846,1,0,0
39.09036819034352,6.883519463959888,0,1,1
87.74256661767686,7.554446707957106,1,1,0
86.99578359536889,8.948085795550895,1,1,0
30.142583666029132,6.086855247413158,1,0,1
49.77988047139084,8.068096915354381,1,0,0
34.07026478534157,7.394391783974746,0,1,1
32.78723955019741,5.602169621016528,1,0,1
12.950955788362624,9.271779918130948,1,0,1
58.76514671839175,8.784556129641569,0,0,0
50.21432185830892,7.950711007950553,0,0,0
14.118300099999148,9.103490374565451,1,0,1
32.29171713892892,9.203765205758813,1,0,1
82.6612708773323,8.250177860290208,1,0,0
29.164951253357792,9.022079970182032,1,1,1
21.591589767297847,8.184828770015702,0,0,0
49.15622082220504,8.080844630561803,0,0,0
88.85203632884806,7.711668269291106,0,0,0
29.364421720920035,8.516299837345848,1,0,1
63.77084379247029,4.951630631758443,1,0,0
70.9295692262974,9.28522455519357,1,0,0
29.011003519391974,9.231061166471392,1,0,1
68.25730788894876,4.175483698207355,0,0,0
39.422650617540256,8.954900503388576,0,1,1
60.584466447486356,4.773219204840672,1,0,0
60.68237686087158,6.010713125554851,0,0,0
52.86197472598068,8.461049537749647,1,0,0
17.223181604352664,4.9645593762898494,1,0,1
76.82419964713904,8.907802144714374,0,1,0
35.66240519773886,8.992805067746453,1,1,1
24.92148083198834,7.044806402565017,1,1,1
13.262011324381113,4.038315230301001,0,1,1
57.27143545505935,5.722228799049477,1,1,0
64.2051489473826,7.701561510254454,1,1,0
11.327026314228492,9.88711706816454,0,1,1
50.96744466394248,7.7908811621000105,1,1,0
28.119662015835036,5.558821486384959,0,1,1
61.61382323275599,7.804034218597668,1,1,0
23.949314320399317,7.239912278295133,0,1,1
65.27501904819728,8.679072370906862,0,1,0
40.93882770404299,4.64188383296175,0,1,0
84.93839909893876,8.566167415012167,1,1,0
21.00167553167946,7.247599472056661,0,1,1
37.285308084020684,9.777952023153968,0,1,1
19.077881699247126,6.051232996232116,0,0,0
83.97548946228503,7.795731358803689,0,1,0
80.18714827047847,9.592168633060105,0,0,0
30.63533021721245,4.6150583679440755,1,1,1
62.79872368273432,9.623370923418706,1,1,0
75.37777601609727,8.127314333804879,1,0,0
54.41606492795699,4.407022354631032,1,1,0
52.37204626848052,5.805781401680898,1,0,0
29.348183272036135,8.24903253187169,1,0,1
17.44822142447194,4.40410360881263,1,0,1
81.77726063626613,7.49302276105764,0,1,0
82.03344457306643,6.07529834171774,1,1,0
60.64811658186144,7.725493106604863,0,1,0
37.122383283896056,4.274452202875077,0,0,0
37.93676596901287,9.229220836914259,1,0,1
68.07645430961915,9.840933815064382,0,1,0
81.76882079620617,9.813267131714149,0,1,0
80.96691394120938,8.497910990457548,0,1,0
72.3900436686099,4.780517440783791,0,1,0
61.36253169234302,8.549579175574134,1,1,0
16.731197199603905,4.147521498752809,1,0,1
22.9302971275691,4.1327413091739835,1,0,1
81.88433508216634,5.941661314897248,1,0,0
58.514324772767196,6.931859142427994,1,1,0
10.735764129330372,8.622444506846758,1,0,1
18.11772342928257,8.099772259639032,1,0,1
63.08014152864446,6.67541623826049,1,0,0
10.404926707697495,5.641759997689995,1,0,1
22.86464411339989,9.982747000946267,1,0,1
53.89870314932689,6.557087813415838,0,1,0
65.35161581541546,6.708322145978053,1,0,0
62.156900760208046,4.981742927150015,0,1,0
27.941544756844785,8.768857292499575,0,1,1
66.97433770780287,8.162093354688931,0,1,0
28.979926999744006,5.324617676732562,0,1,1
36.03197585274142,4.494286273695057,1,1,1
69.71931240944193,8.082995812448278,0,0,0
61.97063192377718,7.927067285686811,1,0,0
77.93787283953424,5.639557161989256,1,1,0
62.60903138402747,9.705181373502462,0,1,0
55.464688266837726,4.906347350685401,1,1,0
17.493981426247398,6.594008806255611,0,0,0
39.41726424475468,9.661695521005594,0,1,1
31.216189414538036,6.518363901556734,1,0,1
29.519171470326686,7.8311556859845135,1,1,1
87.84084438019565,6.385566387776766,0,0,0
41.44781797334083,5.64529121409202,1,1,0
81.36372441416907,9.903865887758968,1,0,0
60.49109007978103,6.456004037890258,1,1,0
73.58490428333187,9.364595222074806,0,0,0
50.21096744841537,5.3797276353465175,0,0,0
56.15231077010873,5.2786282241505,1,0,0
49.401415505509114,4.186804497307068,1,0,0
25.61943902384356,7.91000095225531,1,0,1
67.79616922092043,6.211158062342567,1,0,0
32.46178899526846,9.186149499037821,1,0,1
11.945277314516307,6.839259440149343,0,1,1
61.63778367257343,9.80916056748833,1,1,0
24.168854352563915,5.113153094218727,0,1,1
85.23668674823314,9.211739007733666,1,1,0
86.31428616020699,8.65958111675045,0,1,0
83.18915121763588,8.625531067864312,1,0,0
39.61269602043555,9.068699368701326,0,0,0
11.236529322309394,8.566143945657993,1,0,1
84.26548500701803,7.7573219297884926,0,0,0
44.254731865385146,4.787469266094325,0,0,0
87.33238552349357,4.1951570769475115,0,1,0
87.08959816714022,9.525087086894121,0,1,0
78.24075643738881,7.699901887124428,0,1,0
33.55591136556686,8.779223745857058,0,1,1
40.807818288154024,6.8891341090753,1,0,0
78.09093372134855,4.703849133774367,0,0,0
35.35376041250221,4.751114753215303,1,0,1
23.5594197348874,8.113391723373828,1,1,1
54.544100996668014,6.581835369396776,1,0,0
84.89238193286248,5.20314836020202,1,1,0
65.68238373399784,6.949567280448621,1,0,0
55.604893607149194,4.385253622450804,0,0,0
17.77411950166148,7.4918284114863924,0,1,1
59.20057813593358,5.613960426610586,0,0,0
89.20430800834106,8.78535460382313,1,0,0
21.20672121892192,5.862171753541443,0,1,1
51.46637218909894,6.731320894490807,0,0,0
80.18984575423643,4.069723239448604,0,1,0
69.26148942033635,4.434681326767353,0,0,0
65.76125927962144,6.354961338440109,0,0,0
66.19872671896874,6.879633008302741,1,0,0
38.75929209758041,7.600123288715823,0,0,0
33.487347541159465,5.749975472255819,1,0,1
74.74889243828109,8.169891316759255,1,0,0
74.80907157433447,9.160734383135228,1,0,0
79.3657854864083,8.679105933360098,1,0,0
83.05924420451771,4.237712952090143,1,1,0
50.90739190887503,6.883041683546974,0,1,0
50.12130357497597,4.629581070509049,0,0,0
73.86361431734201,5.452270095175165,0,0,0
61.99711446222121,9.919975559602879,1,1,0
66.15735018061628,4.854973257409079,0,0,0
73.66341355488808,6.993328920708136,0,0,0
81.2004273454053,7.708934405908715,1,1,0
37.03961254812286,8.214789823264624,1,0,1
40.04663621119552,7.357892100921484,1,0,0
17.51855518726952,4.058625084515102,1,1,1
56.26241127969392,5.9587678494639515,0,0,0
12.875381903739367,7.106269860308268,1,0,1
47.24784145059681,4.527198994869,1,1,0
53.411570776606126,6.103761587255084,0,0,0
32.92330017026275,4.1992186527482,0,1,1
57.26666084552086,4.471470982930125,1,0,0
12.440019995123954,6.381539657209577,0,0,0
12.987855099937153,4.796294524258363,1,1,1
75.80804485277267,7.405245089569349,1,1,0
38.81525131290103,8.136789814823594,0,0,0
20.16484101215078,8.803520194654498,0,1,1
51.77946080438435,5.200901465468861,1,1,0
71.59948424788887,5.004895493554418,1,0,0
27.265682199747452,4.627407042006402,1,0,1
59.83123806552002,7.81858149726182,0,0,0
16.82779719950144,8.238854358921408,1,1,1
14.134537693488616,4.189516868953852,1,1,1
52.50837052545184,9.617273477462138,1,1,0
53.25080972880852,4.311827701908834,1,1,0
60.99439211985653,7.247778011806423,1,0,0
68.08730669781292,8.254363116705498,0,1,0
88.06816635700277,9.225814742476514,1,0,0
51.30402786409562,8.284521592794567,1,1,0
35.836517835299674,8.81036849841875,1,0,1
73.61489558149628,6.036701155256837,1,0,0
31.666580100965938,8.888950682479074,0,0,0
45.11771365645089,4.480689078308051,0,1,0
16.276510507381275,9.368899936363166,0,0,0
12.0280594732366,7.285554256922417,1,0,1
87.01187317423401,8.903786619774962,1,1,0
76.87840964097647,6.713909707109801,0,0,0
65.67793648749584,7.86146617117915,0,1,0
42.71623555314159,7.15841596561668,0,1,0
23.86354560566766,8.389537130531991,1,0,1
22.514963413686885,4.489779892183537,1,0,1
30.019431853167625,4.362112503943383,0,1,1
53.938133176489636,5.482619404060879,0,0,0
67.16767381600499,4.95726808067913,0,1,0
62.8157901374185,9.23070139955321,1,1,0
32.39471175567543,5.315283924148266,1,1,1
86.38922245305552,9.855191534914788,1,0,0
69.03175333566148,6.0213747506266415,0,1,0
54.34832420091205,5.0927074941321955,0,0,0
58.93765969874818,8.738191042854876,1,0,0
43.568004994223195,7.952246653005257,0,0,0
29.818479160092597,6.989174298718834,1,0,1
38.47781429210093,7.332181305625787,0,1,1
70.62768883714952,8.315210669633583,0,0,0
11.15147909038047,5.370728447987792,0,1,1
19.2858112405533,9.978003496340452,0,1,1
13.68021136174022,9.848758972880699,1,0,1
13.258304185517611,7.901954118081621,0,1,1
78.43684672088058,5.197254705574871,1,1,0
66.29262875040189,8.081369454587747,1,0,0
47.93390632698602,4.433190453875055,1,1,0
17.82673285208012,4.183915013234836,0,1,1
49.32927000934659,5.546097331067282,1,1,0
47.87774166244525,6.775737740435898,1,1,0
23.856149592801216,9.209635032450283,1,0,1
44.70813193903784,8.363014418597848,0,1,0
41.88037875178988,8.456239127199886,0,1,0
59.26800784417732,6.552960006688452,1,1,0
60.8074920694115,6.075609955281777,0,1,0
13.624320781763561,6.226232577907616,1,0,1
39.9690091701177,9.925897382416347,1,1,1
60.06879325713891,4.240655148474895,0,0,0
50.250900686407014,9.202188976734691,1,1,0
78.51918729506578,7.472052451434361,0,0,0
62.6954905295156,6.6316925151375425,0,0,0
23.034754166514375,8.35154596249082,1,0,1
15.645499792034387,6.920013648548217,0,0,0
61.39354225650525,9.240539428489964,0,0,0
12.120904843329745,9.40421118406755,1,1,1
56.86204650187706,6.5303255612407325,1,1,0
85.2184193139966,5.660966783410309,0,1,0
56.03793423007032,7.554101971560174,0,0,0
41.05359409652175,9.474180073700147,1,1,0
61.463057475388254,5.263973134034,0,0,0
46.660231239321334,7.737799501380897,0,0,0
53.6493431452748,7.789361320555123,0,1,0
85.317184702122,8.398678134491686,0,1,0
40.88821102406194,4.789406110763559,0,0,0
86.89524510591313,8.29494978809253,0,0,0
82.4280513564851,9.454195123993845,0,1,0
25.663290783143715,5.078098653221452,1,1,1
15.548904070013236,5.425259949543266,1,1,1
18.062240110194132,9.828370564249838,1,1,1
11.457746052123978,5.085861716256939,1,0,1
17.555436860474273,9.126310560217474,1,1,1
64.64054187330855,6.953667138688209,0,1,0
15.695091876818319,5.483386446419062,0,1,1
35.5180504235009,9.224499407635069,0,0,0
77.59002487755636,6.671831530015993,0,0,0
11.86175485886607,7.088904123578141,1,0,1
75.15747860711487,6.155400216398594,0,0,0
32.548381981872,7.557705108609564,0,1,1
19.4531862097325,4.981143235510137,1,0,1
65.73897322913206,6.3464892199105645,0,1,0
60.31542774239072,9.816473934011725,0,1,0
80.19776108216423,5.548800596206766,1,1,0
68.80568350431086,7.940419987247753,0,1,0
74.27847443078788,5.951140385348169,0,0,0
32.562765805704515,8.640838754119603,0,0,0
24.195163502377824,4.785241964310099,0,0,0
70.04918013126867,9.818926270471268,0,1,0
74.54677914138112,6.7227372483018355,1,1,0
89.24041136005387,5.416302780078784,1,1,0
43.00941415291412,4.440980483980076,1,1,0
39.761446863422655,5.018547430525245,1,1,1
72.11303685935974,7.118643691336106,1,0,0
37.264283220241424,6.022019058587718,1,1,1
84.46058604828518,8.973300195295657,0,0,0
78.67302014744095,6.585325141970836,1,1,0
44.319522190001464,5.492285635525779,1,1,0
70.06968542331978,7.70286991962418,0,0,0
70.36342992677459,8.240663301312676,0,0,0
18.24990950687461,5.002251447405699,1,1,1
82.20423253436533,5.005715297729906,0,1,0
50.42018979582857,4.220028561601258,1,1,0
76.11659728861933,8.418412090393844,0,1,0
35.603968082448944,7.98282716573083,1,0,1
81.64185827969604,6.847785254498883,0,1,0
41.13613429873305,9.065022693815184,0,0,0
10.867012118423869,8.834020917700318,1,1,1
82.4305581135411,7.512126186380513,1,0,0
17.302934142890685,9.209627683079551,1,0,1
35.54509100723319,5.235047260220609,1,1,1
86.0049573640644,4.671517716386367,1,0,0
86.04857175500449,5.618497669101938,0,1,0
55.87503104986289,4.342521136535889,1,0,0
60.54697697358394,7.187017168006192,1,1,0
45.87564175826558,9.61963415376977,0,0,0
33.456861735845166,4.236061244011058,0,1,1
36.29316362959328,4.732659484060161,1,1,1
63.801476486163075,6.7131941697006114,0,0,0
70.1899623550144,9.60325010516743,0,0,0
73.32632349806788,5.8969366298605035,1,0,0
73.16945142356431,7.043408852130355,0,0,0
17.29648824389523,4.249437154302353,0,1,1
49.553624376206514,4.890059205772533,1,0,0
14.604700801331543,9.919780737753081,1,1,1
53.96231058589884,9.790712178616273,0,0,0
45.32244010987016,4.029639885606458,0,1,0
81.01633462066398,9.710870712539434,1,1,0
38.07320100416629,7.834719626893002,0,1,1
19.36536131420847,9.207509767120133,0,1,1
21.43933456422687,6.728439133803155,0,0,0
70.92085053739778,7.093576171475501,1,0,0
59.45744506530089,6.933079481541521,0,1,0
18.08981408982322,8.001185545276627,0,0,0
16.728544489199795,4.837907528537878,1,0,1
66.0775305167296,4.179841539236068,0,1,0
15.821040509135482,5.8475796495471455,0,0,0
75.7488047432285,8.22808457641988,1,0,0
66.4993781725197,5.21112071273769,1,0,0
16.50790245135198,8.040594599949504,1,1,1
16.787017126815353,9.819472276643623,1,0,1
88.93116628009403,4.56340429473651,0,1,0
39.941663660489624,8.035612709350758,0,0,0
39.65137176535127,6.662501315827427,1,0,1
75.0239653806002,9.208853526265031,1,0,0
85.7798861907087,5.062898736684316,0,1,0
88.88008510582966,8.155755713356987,1,1,0
70.27025482071534,9.02869173788866,0,0,0
40.10076684247326,9.667685316844139,1,1,0
16.6800573358935,8.099488169737874,0,0,0
72.17175327419494,6.983048584050564,1,1,0
54.6723399788644,7.707083441207283,1,1,0
43.937760739758104,9.21342990687231,0,0,0
82.50835080757888,7.423658479832978,1,0,0
18.895798584492105,4.182322358181021,0,0,0
49.41000834326873,9.585692173041867,0,0,0
10.908291581393526,8.137160506189367,0,1,1
47.4928513595301,8.059080314663479,0,1,0
14.504262054546988,5.294050914386303,0,1,1
19.505433301445755,7.953312821395944,1,0,1
19.40209974216839,6.363186433924951,1,0,1
61.93682416928509,7.907397862248953,0,1,0
69.68359034123387,4.639558181847944,1,0,0
56.66950120777277,7.947071827618216,0,1,0
86.97380387796335,9.996482354624,1,1,0
39.98964636189633,4.289272233163336,1,1,1
32.85696690254886,9.863045105327904,1,1,1
79.48793025515683,6.441447764337224,1,1,0
27.88766708155621,9.224520702023554,0,0,0
87.0578031552489,8.69431290434964,0,0,0
10.972357975185307,7.402097565920007,1,0,1
87.59030613661112,8.43069525550796,1,1,0
13.452792956046089,9.271093367808088,0,1,1
81.29144909584569,6.424841929906198,1,1,0
52.21608872690399,5.962198969379433,0,1,0
89.43718368954403,8.005560313381508,0,0,0
15.903725178831909,8.84707565164755,0,0,0
54.30834275210566,8.573710808659694,1,1,0
87.54420284952792,8.786881893151808,0,1,0
51.847827533611905,6.613499888877598,1,1,0
60.351891050821,8.90700529705013,0,0,0
65.65989511876937,4.72125433222365,1,0,0
46.36328518142186,7.266934587765097,1,0,0
60.204646406725075,4.034551962988729,1,1,0
56.74514495384802,5.947514979401622,0,1,0
82.09264083927911,6.198769209228387,0,0,0
13.63571042731663,6.377036149655533,1,1,1
32.477055167378424,8.172803240139173,1,0,1
86.0329187261247,6.331348607622075,1,1,0
81.2211027112733,6.6921617357351835,0,0,0
46.45254022285704,5.425264785245965,0,1,0
59.61060782412294,6.2395107497760405,0,0,0
32.19049463849061,5.363617763578909,0,0,0
25.049692777900905,4.439175542610662,1,0,1
47.09587239519857,7.620691560288267,1,0,0
38.268178242084225,8.009276791330098,0,0,0
56.692488948069766,7.716942076057687,0,0,0
16.218770957198785,6.780964262803434,1,1,1
87.95158461329332,6.278714681075379,0,1,0
88.89685955836823,9.180001897430952,0,1,0
65.85293712157961,7.114490710817308,0,0,0
52.88770930752963,6.875091265778385,0,0,0
34.76220930290622,4.153852394838614,0,1,1
75.10360157655589,6.047486965756939,0,0,0
64.77849380431034,6.281173712715143,1,0,0
23.009355147591304,6.392936685381403,0,0,0
82.8741747595074,7.4810342153639935,0,0,0
75.80297943385352,7.2016152803612705,1,0,0
85.98399306335392,7.647430556760668,1,1,0
68.0575606710688,8.58929956925277,1,1,0
59.07321567486319,8.87791443229656,0,1,0
43.45944290324951,8.308738457358967,1,1,0
84.61827866832107,9.733142175729608,0,1,0
79.28511116003267,4.10939549605817,0,0,0
13.617493608495153,5.174667914101277,0,0,0
12.10935795978016,4.045377249868853,1,0,1
40.117069350243966,7.884848284927618,1,0,0
74.84426646254663,9.388183293699921,1,1,0
88.98209034519556,5.460893779457796,1,1,0
22.033351288282255,9.56220726877784,1,1,1
57.53045722817081,4.361604341737365,0,0,0
40.47126853048172,9.606616160833086,0,1,0
87.59315182516826,6.1097361234378065,0,0,0
77.36951385085669,4.608524970695299,0,1,0
77.06629637689103,6.915230555117954,1,1,0
47.49545278359762,5.540659406323048,1,0,0
43.185560187013216,5.709237411771537,0,0,0
31.8725657544565,5.84373978955772,1,1,1
14.51003973207417,8.818155386995981,1,1,1
79.17779010040425,7.234967660051527,0,0,0
75.03208073040621,5.867846194936022,0,1,0
89.97741386289044,7.662002699865511,1,1,0
89.73094696591244,8.296904045339161,1,0,0
54.434536448210196,5.635744004401203,0,1,0
71.51899321444084,6.481294609152109,0,0,0
85.58125839059424,4.7313165600216855,0,1,0
77.97179125419292,5.086896097208082,1,0,0
29.78784813945581,8.086707123789896,0,1,1
46.04353082480748,5.088630086173762,0,0,0
20.3327532121196,7.1509803020023615,1,1,1
86.32408218069779,8.254277570334596,1,0,0
58.493970756070404,4.641261538568463,1,1,0
28.29142444027702,7.403873317773421,1,1,1
63.73605475246854,5.539376702208182,1,1,0
59.450259236631666,9.777561251425478,0,1,0
38.65301744262724,6.901273880319549,0,1,1
19.08460737597032,8.835955298650948,1,1,1
63.72585564742397,7.301359252937571,1,1,0
51.62461607230347,4.260475197128915,1,1,0
71.78547133885115,7.798908253564134,1,1,0
51.61308008895947,9.708420053239943,1,0,0
78.1745200254832,7.609670920877987,0,0,0
54.152547101958845,8.915133156560742,0,1,0
54.8750377228309,9.305238780090447,0,0,0
80.1322882126676,5.368478631693595,0,1,0
42.27862929699177,5.27226903944936,1,1,0
20.72121827605126,7.66588593310595,0,0,0
12.302614105067118,6.4661708188402285,1,1,1
70.41098045388952,9.039167817200322,1,1,0
59.624764108277176,9.400138740388067,1,0,0
66.32638144793788,6.120528275816309,0,0,0
27.037132920712857,5.421223353846893,1,1,1
20.90971804694158,8.683153091463172,0,0,0
11.163573253430554,5.648836213288817,0,0,0
38.04700470452776,8.935685911082071,1,1,1
57.193414948370645,6.542429521892577,1,0,0
41.379523607978584,8.005299395748823,1,0,0
44.99799376189833,4.573211883008009,0,1,0
82.33269555949987,7.743155948059438,1,0,0
37.86043736186403,6.710606072423374,0,0,0
51.119159132784866,7.519650779052845,1,1,0
72.69224101929144,5.0080852464691805,1,1,0
41.72342258570161,8.421242469665092,0,1,0
59.76693601822988,9.176782465259372,0,0,0
78.98909669973962,5.300438800544654,0,1,0
85.96164989261138,4.574287333120971,0,1,0
21.765878474323035,4.141831516278018,0,0,0
84.12701001291956,7.851829002659596,0,1,0
49.369303446363055,7.642564216532684,1,1,0
30.659551063916666,7.28018447628442,1,1,1
46.7308604990609,5.391682576695852,0,1,0
88.40260602283817,6.345435975433088,1,0,0
49.40944751942957,7.566858011117038,0,1,0
36.300128823000655,6.980601153155016,1,1,1
60.67206834533806,9.926713121289325,1,0,0
29.211649502255447,4.818638515340399,0,1,1
16.06906624869311,8.170867324285563,0,0,0
20.310377752851938,6.425912608625753,0,0,0
20.243667116621793,6.569197689553689,1,0,1
22.15221548098355,8.305586593949057,0,1,1
21.10617381195281,8.154616907946217,1,0,1
61.26997958425717,9.94753596221313,0,0,0
24.550406751931586,4.770365736724751,1,0,1
37.65338266590906,4.624657896304998,1,1,1
81.74307279248094,8.346032902772446,0,1,0
47.916931221029785,7.470321502038455,1,1,0
63.40461908168217,5.644963999358835,1,1,0
23.785589696130387,4.47651621393392,0,1,1
25.383121504693662,4.513949497578583,1,1,1
13.269489301318309,9.36514524798471,0,1,1
23.514805045773166,5.151203948312458,0,0,0
32.287227122556686,5.940229372693125,0,0,0
24.160838742139745,5.359938413361928,0,0,0
17.096202700564447,6.129977834991624,1,0,1
19.650869688048065,4.41654305647656,1,1,1
46.86230144261806,7.114358745449622,1,0,0
26.5066974724634,4.405675381553289,0,0,0
39.14158888384604,8.802139046934169,1,0,1
50.27338166838855,5.402272491462599,1,0,0
65.23158629034923,7.2400714876270635,0,1,0
13.144971187287915,9.28047452536875,0,1,1
73.95283191272341,7.905264214283165,1,1,0
60.23203115927262,7.197746719308012,0,0,0
16.540722555909753,5.946002518692254,0,1,1
79.88628992854218,5.998011478349188,0,0,0
83.66979204254505,8.016921731189141,0,1,0
14.8862367883891,9.964836167327006,1,1,1
32.1502118517763,7.971035139096272,0,1,1
74.4961023834449,7.346700504220149,0,1,0
69.86077523069267,8.383903061435475,0,1,0
24.761681548510186,6.791233673702309,0,0,0
26.747945866936824,4.360854055604712,0,1,1
39.63776822331056,7.373780895267458,0,0,0
48.761838815281706,9.74575170703228,0,0,0
59.460381722423676,5.051817654145958,0,0,0
39.51309116558179,8.140029344923995,1,0,1
47.002777290651835,5.205602131954339,0,0,0
69.79767505070052,7.214966106838488,1,1,0
12.934656231247832,4.580058697880318,0,1,1
30.19495554752166,6.702225617549111,0,1,1
67.0679668707642,8.536979973371476,0,1,0
81.61654701497595,6.085429145433892,0,0,0
50.93419536925329,7.989470346923309,1,1,0
52.569078821225254,8.772699764738375,0,1,0
18.573760907182084,9.563066916876716,0,0,0
45.79298934587637,5.407852491132721,1,0,0
52.60938131640185,6.395895494855849,1,1,0
29.397640290778373,4.914496079982505,0,1,1
31.539458475950475,9.954901012950252,1,0,1
40.18273304836981,9.562005807545772,1,1,0
11.60569582221811,7.239742781683358,1,1,1
35.76633324665426,9.052199766258529,0,1,1
26.91584055972357,7.125747863632253,0,1,1
36.19978817423317,7.741514128016558,0,0,0
19.580970545540097,4.5347465926960995,1,0,1
81.2421824591916,8.531622522980847,0,0,0
57.48739628432389,4.766280901811409,1,1,0
64.32818553155917,8.95640578151517,0,1,0
73.13369908858706,8.692168526022314,0,1,0
49.87537591432458,8.252468186457858,1,1,0
16.953623046993897,4.216962283148573,0,1,1
52.968523345483824,5.818770135671972,1,0,0
56.94728944167033,5.578675419465057,1,1,0
69.6351579347464,6.160818444829115,0,1,0
44.53276369837435,4.525856480583031,1,0,0
20.2064242236451,9.621746938186376,0,1,1
32.702072463897956,7.322813444274257,0,0,0
39.046583711890804,5.8331458639481415,1,0,1
61.6733793065281,6.381889102445701,0,0,0
55.662264373512954,6.683215243029014,1,0,0
38.4877380718277,7.6035660001637035,0,0,0
88.92121990343837,7.094076566178987,0,1,0
58.46198554855097,9.516351839286504,0,0,0
28.97814333887956,6.981780897434982,0,0,0
18.1425978096323,9.952948088939877,0,1,1
22.22873113474656,9.108549746470574,1,1,1
29.67661827076065,5.251063086144015,1,0,1
22.854509860764452,9.583571287863498,1,1,1
24.92536192410446,4.698198387312857,1,1,1
32.807613495507766,8.904698250947149,1,0,1
23.869887623580386,6.283739760859481,1,0,1
81.74123397011401,9.267845922670418,0,1,0
16.418699652931377,9.208340140644701,0,0,0
51.960911165620374,8.835552400705726,1,0,0
42.83174615917292,8.740182617842368,1,1,0
88.59028935268852,5.828074834588245,0,0,0
18.963112173444188,4.485515698307513,0,0,0
41.82844792365933,6.417881072590969,0,0,0
87.55763466202951,5.041147089919052,1,0,0
79.24057007151842,8.16970653341477,1,0,0
75.3657656759424,6.076598359226713,1,1,0
30.632226163595185,9.85366120515949,0,1,1
23.671006991205267,7.845832464071992,0,0,0
63.49145759395448,8.934883381806166,1,1,0
84.35007913020686,4.79514803645109,1,0,0
54.541031441114384,9.172086893635736,0,0,0
55.72901515759199,9.536543143080365,0,0,0
32.39832749282273,6.922371512913616,0,0,0
71.55943465535495,7.637517626505865,0,0,0
24.96349988460187,8.588858805417972,1,1,1
35.89433891233949,5.049031763562475,0,1,1
44.034915089313344,7.015396458780654,0,0,0
50.6088302947564,6.391978166633878,0,1,0
29.39277859320642,4.878243952973495,1,0,1
19.186945979136283,6.205206533749188,1,1,1
58.849603395330604,4.409033856312961,0,0,0
33.09044425922046,4.154871441696922,0,1,1
56.49905771380898,4.810997734928937,0,0,0
22.349017221936187,9.778690669535044,1,0,1
48.4912081483854,7.297177215370102,1,1,0
52.60715460412687,9.794932966919319,1,1,0
14.145882945794153,6.594987269980792,0,0,0
36.92834225551365,5.870896798511557,1,1,1
20.75317415511794,7.036851177041465,0,0,0
15.06999763782142,6.6370701317974605,0,1,1
89.19681859119562,4.633988105570463,0,1,0
35.788307597977834,7.844957888141238,1,0,1
74.7899556683708,5.296229095057598,0,1,0
30.371252381101108,7.717527729386978,1,1,1
64.52021777791434,7.901206554388921,1,0,0
70.81822879117493,4.912149118771889,0,1,0
57.651099248627546,4.368097762664009,0,0,0
47.72609508401267,8.684569516410638,1,0,0
42.947273131781486,6.758802542615921,0,0,0
37.90946132343962,4.348982773032855,1,0,1
84.36233153982607,9.969197903018603,0,0,0
76.44955262301833,4.346683365978199,1,1,0
87.20215285332101,8.170211373151318,1,0,0
19.943777878843576,9.902073551580482,1,0,1
68.46939801629154,5.435080625295553,1,1,0
85.06723654568303,4.8534962121231775,0,1,0
24.498645293252814,4.728309636534574,0,1,1
15.3197013893422,5.819650885405573,1,0,1
69.28965194320472,4.60627486606388,1,0,0
55.95784905439295,8.152968050164791,0,0,0
77.34630214066176,4.373750788780376,0,1,0
21.18179013010316,7.056532768898738,0,0,0
73.62138494879122,9.98018112311786,0,1,0
26.130185603819562,8.883821617036112,0,0,0
23.09247542925636,7.6913166293860655,0,1,1
23.141263834479435,5.83752172471967,1,0,1
75.16597761851057,7.74337501774983,0,0,0
63.21577765569601,7.162248783469909,0,0,0
51.845233981529546,6.556500303342229,1,1,0
38.7064387298802,4.784262260441197,0,1,1
80.17604326504866,9.3196252914428,0,0,0
41.395608593810834,6.698707892927935,0,0,0
75.32795515772617,5.16773507092459,0,0,0
45.13079268561747,6.206556105263738,0,1,0
40.155554353992606,6.484778515173562,1,0,0
47.01438285356851,8.965227373401245,0,0,0
34.110229933131365,8.401686283368413,1,0,1
69.80875041410009,8.61582936184804,1,0,0
50.217631207398334,4.066187586571884,0,1,0
28.577015611745384,6.496923989078569,1,1,1
81.96596586196547,6.888064909811941,0,0,0
40.711297709856915,4.11515366093834,1,0,0
53.48422888911909,5.558879252470206,1,1,0
82.51776887716376,8.561738938732809,0,1,0
59.93903967311937,4.8226582343739945,0,0,0
19.351843256669127,7.2118607887155495,0,1,1
85.18656988907802,5.291211232103425,0,1,0
60.216644245713425,4.072724647863359,0,0,0
36.79244917256689,5.447208745597249,1,1,1
21.141765813070982,9.855242529460323,1,1,1
73.52201514162368,8.809222671297938,1,0,0
59.60582047428108,9.7574598659262,1,0,0
52.67688735810572,6.9271242635581745,1,1,0
81.51140664407662,4.658417192065021,1,0,0
73.08777689796246,7.287756933842157,1,1,0
22.133990378620094,6.726264007359765,0,0,0
34.93776542364386,9.066142496437696,0,1,1
29.87913118515726,4.588495484705468,1,0,1
69.51570340581415,6.929446822130669,1,1,0
12.68259477886235,4.9002919881639055,0,1,1
55.59117478970532,5.94805556134036,0,1,0
70.99669485925524,8.424142464326799,0,0,0
80.14125094093995,6.856108776212599,0,0,0
37.366539897272595,6.255329710874616,1,1,1
75.70058437376103,6.366857671420211,0,1,0
18.850538956416578,6.75668061043592,1,0,1
77.71618333876145,8.710099263022341,1,0,0
20.199092986558593,9.352508133641408,1,0,1
41.78298324482938,9.73200811902357,0,0,0
73.78362926236429,8.72142031753177,0,0,0
21.993394187901902,5.892441374488076,1,0,1
28.340111618611317,8.128808236519253,1,1,1
67.7802054714453,6.6256187443323515,1,0,0
67.60292292368595,5.528023732276307,0,1,0
61.29181063082378,9.045229476555535,1,0,0
65.515875557368,4.23055809377395,0,0,0
53.417955467807694,9.41057195281254,1,1,0
30.14392471255622,6.768864787748405,1,1,1
37.65567948031355,7.823208860849682,1,0,1
24.527817344114055,7.956123533234696,0,1,1
82.67604490669027,9.370706444239218,0,1,0
56.671343581289634,7.8200180930032435,1,1,0
42.06811334109119,7.68360150856037,0,1,0
46.96046429153061,4.39991224336414,1,0,0
85.78266716894522,7.110448131671225,0,1,0
22.268112249286418,4.90101400490225,0,0,0
56.89838656134378,8.424602612328913,0,0,0
50.47109431075728,7.073331524876047,1,0,0
58.91633883477183,8.08136667525012,0,0,0
11.44881470566724,4.250037403614305,0,1,1
79.76991271553212,4.5087520962748195,1,1,0
84.56946259868899,8.297940328376093,1,0,0
55.21065468713672,4.43250601599204,1,0,0
65.73206591015138,4.427540366591551,1,0,0
83.79995049418366,4.072650851409325,0,0,0
66.57909074507188,9.739008389796881,0,1,0
22.20312343314091,8.425050156754041,0,0,0
56.103068813345054,6.1195084510123845,0,1,0
58.537203710628475,5.779213487725931,0,0,0
43.93045370419088,6.098219378475097,1,0,0
68.91553884997782,8.647921187087091,0,0,0
84.74936118152118,7.968223666422486,0,0,0
84.04548103254211,5.111173407204808,0,1,0
46.06714971233057,5.044656012004506,1,1,0
19.05904366726042,4.590373898280384,1,1,1
88.78729591698676,7.961816318208029,0,0,0
77.11184691567473,8.586235973330416,1,0,0
19.97301449626135,5.590278569950025,1,1,1
83.66735060938979,4.125669766185477,1,1,0
79.59170896497027,4.493030004858564,1,0,0
51.50704457008577,9.807160209070183,1,0,0
57.30203485959434,5.772668664864522,1,1,0
41.920216309610424,8.615338887028802,1,0,0
14.380931105762507,7.747981413125583,0,0,0
36.815779331672076,6.291637837917375,0,1,1
74.22827588784091,5.23412357317333,1,0,0
10.370561840368229,4.728318508956439,0,1,1
36.679933735291534,7.6900778082332,0,0,0
41.85349548727547,8.647802683826729,1,1,0
52.99164823503383,7.863425521246784,0,0,0
83.58844931302085,7.18181279949495,1,1,0
37.707679549276904,4.251707340589817,1,1,1
37.75625615169822,9.810932665566302,1,1,1
69.00009984877987,8.792285149927448,0,1,0
46.17743527118457,5.756932220205789,0,0,0
27.968385835198557,9.879821976153103,0,0,0
46.195161290615474,7.611289537817933,0,1,0
21.26856163038399,7.494535949243479,1,0,1
24.110958920497865,8.488439076577192,1,0,1
49.869421819158376,8.870618728540826,0,0,0
43.514035960363834,7.938871643989016,1,0,0
83.187672085448,4.7685744781972,1,0,0
38.99151192933065,6.02960503596699,0,1,1
56.44706802224348,9.568501841956298,1,1,0
60.58114303356243,5.347693671063111,0,1,0
11.047556527066691,6.23300214302508,1,1,1
63.08298976133685,6.592461297665176,0,0,0
24.242877349580112,6.636429938166713,1,0,1
86.88562539755641,7.677637494967153,1,1,0
21.893018220249036,9.658455026468246,0,0,0
43.1699298981619,5.4441562709950295,0,0,0
16.82797344629151,4.729008257805509,0,1,1
89.74994014767579,5.1848229391596234,0,0,0
50.175600826499405,9.321549401255616,1,1,0
57.630801385603505,7.874864875931236,1,1,0
15.366118191074198,5.715440735434961,0,0,0
69.99683763193423,8.895681633811703,1,0,0
26.79244744764686,9.168219978180616,0,1,1
81.84434315525709,9.079086032141667,0,1,0
26.411171238560573,9.513559201837326,1,0,1
25.255017653093326,5.51344612104017,1,1,1
12.92397342784759,8.53025157247767,0,1,1
47.765355608799936,6.76323698364484,0,1,0
55.187290661009314,9.05199131734037,0,0,0
15.25669115426819,8.370944062969679,1,1,1
72.04220933560084,8.658684678998348,1,0,0
46.26310677984221,7.936971026086429,1,1,0
51.951221546206405,5.064572616818241,1,0,0
45.26101975505825,7.27016151338163,0,1,0
42.06104487002608,9.90801843714705,0,0,0
54.771226504657434,9.624328398982714,0,0,0
22.419219674457,4.25904241478207,0,0,0
24.55425043962169,4.988888894376623,0,1,1
78.94284968108138,4.790372640727371,0,1,0
85.68923697069062,8.355879459911772,1,1,0
39.864745302380236,8.90671197914167,1,0,1
31.659573851484303,5.281068197864031,0,1,1
61.51996345912126,7.0351161577109735,0,0,0
42.698733687847714,9.0442181680672,1,1,0
12.030908452827589,8.396809268597504,1,0,1
22.49220778929523,7.253423232951089,1,0,1
67.2777783077918,7.542086142752638,1,0,0
62.71391535281211,7.05016328149768,0,1,0
12.16767940027868,5.785290707912924,0,1,1
27.757772954635954,7.390131957154097,0,1,1
28.485983727045713,8.133311812300544,0,0,0
63.751419487898275,9.239937495164845,0,0,0
11.576843020349132,7.8177481238754885,1,1,1
18.32868655876591,8.566729222258948,0,1,1
73.99328682985515,4.960429809727438,1,1,0
24.28357296434669,6.76934484651874,0,0,0
62.219688628149974,4.05598971896256,0,0,0
29.05462248373812,5.480073187129738,0,0,0
17.955311420747613,8.358770290678029,0,0,0
29.453775279956325,9.95085970809618,0,0,0
67.78135454845273,4.595068597523295,1,1,0
78.45571744850287,6.4089658951677295,1,0,0
76.41758916535933,8.800425812194957,1,0,0
41.77468236947639,5.224213807773393,0,0,0
63.44681092565169,7.330509695813717,0,0,0
26.398743633265678,8.39842777617805,1,0,1
33.45181842088106,7.695912701561074,0,1,1
81.70686548168958,5.128148407692497,0,0,0
11.040153880858883,6.132307412114437,1,0,1
16.840682468357446,8.702750706912383,0,0,0
26.630900411682184,7.325359084792099,1,1,1
12.122576309905577,4.031377681257476,0,1,1
24.514834807183785,8.565944560168564,1,1,1
56.643324877575374,4.211868129641434,0,0,0
43.713964047399834,8.474402696387394,0,1,0
81.41373688615799,5.214883360991425,1,0,0
75.39548493907527,9.74844088071628,0,0,0
37.34538813583008,6.207644507812507,0,1,1
30.7538746745034,5.961589698028474,1,0,1
40.375392653381354,4.893328301994668,0,0,0
57.22359540118462,5.8336252929412895,1,0,0
31.4450912658301,9.259904570969203,0,1,1
59.93191262793072,9.978006025763484,0,0,0
42.752932175299236,6.20985718304109,0,0,0
54.16377446815842,6.691663785727256,0,1,0
44.890122330825335,8.332425629216422,1,0,0
33.55726076335341,9.317174682790448,0,0,0
85.87626455697253,7.558266005120705,1,1,0
71.08846353278086,6.349154189066976,0,0,0
21.209054061316202,6.4757310450917425,0,0,0
79.47743807183302,8.173708878980841,0,0,0
48.99449585996109,4.019309581625672,0,0,0
81.56417815152732,7.717536024759044,1,0,0
73.98842047578522,6.132958062648145,1,1,0
44.017080357538674,8.765183987662505,1,1,0
11.797544665609392,4.557943838938793,1,1,1
31.494188750795686,7.529213601690343,0,1,1
53.330737172869355,6.885837339316742,1,0,0
60.67825758609178,7.853953155431364,1,0,0
30.631014834656185,4.38912156689781,0,0,0
21.14848592582593,7.479902724568788,0,0,0
76.79441894394392,7.368907527757142,0,0,0
88.75217445628417,7.363960566497026,0,1,0
52.055214584214866,7.620925999578729,1,1,0
23.734342867864278,8.058807623358174,1,0,1
31.784586121549516,8.829933998084618,0,0,0
11.471254123797339,5.6189243207692865,0,0,0
83.14390452483993,8.950296461080372,0,1,0
19.42008663121129,6.989534093580722,1,0,1
56.121318041140285,4.462349674805987,1,0,0
31.92441765497648,4.351305575463876,0,0,0
54.33424020126347,6.005429912176365,0,1,0
62.11363106814914,8.709381862668806,1,0,0
76.37934429657614,8.246085608445494,0,1,0
26.513701740848255,8.731689788034439,0,1,1
10.879666292678438,7.103614338649656,1,1,1
20.950850405504582,6.641193987732944,0,1,1
82.0014913478484,4.884715160237704,1,1,0
79.91120620500122,5.9691565216558695,0,1,0
57.79304817362466,6.604116197043251,0,0,0
58.04134883469227,4.531602578077703,1,0,0
63.20293396370044,5.323671716267268,1,0,0
24.029702289875967,7.589351764382433,0,1,1
83.15295567399679,8.41397868543514,1,0,0
43.50164199136585,9.990085068357697,0,1,0
40.65108225995979,9.598679988061345,0,1,0
51.513416422627,7.85539119721115,1,1,0
13.757277342004404,6.527488319764432,0,0,0
23.302669500486353,7.817064188249397,0,1,1
69.04268931410964,8.713909708481392,1,1,0
16.623893434010117,4.7100171455403235,1,0,1
58.252168757311054,6.4594293381777295,0,0,0
29.627928774505676,9.038813713813703,1,1,1
41.143649123358124,6.302997711598264,1,1,0
33.09549894165599,7.431233627363119,1,0,1
38.45381731719593,7.5266161651731895,1,0,1
67.52367241473964,5.106857518801836,0,0,0
33.769737249854,6.173412649913731,0,1,1
55.312371223751775,6.007067732451593,0,0,0
48.08403217592797,4.157180251192389,1,0,0
63.09369322901185,4.145150583348132,1,0,0
84.94637914598064,8.990182262054642,1,1,0
68.60576777682002,5.638424859836874,1,0,0
27.195230287260543,7.108472597432892,1,0,1
12.494650804902774,5.792353441532638,1,0,1
30.98112354398601,9.644075470692043,1,0,1
57.60623445602039,5.5557805531946425,0,0,0
14.114065078740028,6.57794087643361,0,1,1
49.70929977609891,9.236381502907612,1,1,0
57.74742791335114,9.051601400750851,1,1,0
36.73951126535687,5.116608507077664,1,0,1
71.67297629966575,8.815859858774262,0,1,0
18.527860250701742,6.749121320427356,0,1,1
16.0110225388647,6.8978132325121315,1,1,1
68.25510049628826,4.800879834495663,1,0,0
49.63930529649588,4.483609082542748,0,0,0
65.07219171421889,8.367635841842592,0,1,0
44.7861870882997,6.978766914131798,0,1,0
29.712162659128545,6.621104215691077,0,0,0
75.52818541393597,8.377049371914381,1,0,0
73.95327031751833,8.593077393946658,0,1,0
65.57571766835414,4.953449006016122,0,0,0
31.771610978397014,7.661350896865848,1,1,1
57.21845334952697,4.812124493666113,0,0,0
38.87791175520214,8.508250516174275,0,1,1
17.326565866130732,7.941730937602837,0,1,1
83.38508603697943,9.739687726500748,1,0,0
20.945490473516912,4.413748098138527,0,1,1
86.0189883056642,4.342328326907526,1,1,0
45.68046183663646,5.693122448159201,1,1,0
